b_x,b_y
-0.551731288,2.18891954
1.87250066,0.367604315
-0.0943292975,-2.22312689
-4.07220125,-0.0660044551
-1.63509989,0.657978714
-4.48651552,1.02980316
-0.574931979,-2.70894575
2.99450302,0.108190596
0.731338143,0.219602168
2.69962883,-2.41593385
-1.59155738,4.73684597
4.35320711,-3.23837972
-6.5741024,4.62975979
-2.33088732,6.58218098
2.77705622,2.05490065
-1.80905271,1.79923475
2.84803057,-2.76354837
1.27585232,-3.09148026
-3.58138084,1.82672691
-2.5656364,1.87378788
-5.04259253,-2.76853991
0.699255466,2.12105298
3.9096055,2.68885136
-1.44464684,-2.26139855
-2.78210211,-5.00966692
-0.231210932,-1.2244997
1.38885736,3.39960837
0.147471011,-2.66649032
1.1936655,-1.39680779
-3.61518502,-4.72083807
1.33893633,-1.04949474
-0.278035343,2.50518703
