n,method,seed,attempt,status,accelerator,parameter_count,wall_seconds_training,wall_seconds_evaluation,wall_seconds_total,started_at_utc,ended_at_utc,git_sha
6,vanilla,0,attempt_000,completed,Tesla T4,12737,148.04743423900004,1.1680953469999622,149.215529586,2026-10-01T09:46:12.082440+00:00,2026-10-01T09:48:40.153540+00:00,0677b40869fabf50035075e240aea3b98a0c7e05
6,vanilla,1,attempt_000,completed,Tesla T4,12737,146.58490861199994,0.6854694369999379,147.27037804899987,2026-10-01T09:48:58.530831+00:00,2026-10-01T09:51:25.140687+00:00,0677b40869fabf50035075e240aea3b98a0c7e05
6,vanilla,2,attempt_000,completed,Tesla T4,12737,145.95024391100003,0.6810055419998662,146.6312494529999,2026-10-01T09:51:35.272863+00:00,2026-10-01T09:54:01.246424+00:00,0677b40869fabf50035075e240aea3b98a0c7e05
6,rff,0,attempt_000,completed,Tesla T4,12871,184.28263895099997,1.0316523700000744,185.31429132100004,2026-10-01T09:54:15.241585+00:00,2026-10-01T09:57:19.551377+00:00,0677b40869fabf50035075e240aea3b98a0c7e05
6,rff,1,attempt_000,completed,Tesla T4,12871,184.223350364,0.9984854639999412,185.22183582799994,2026-10-01T09:57:24.049478+00:00,2026-10-01T10:00:28.308235+00:00,0677b40869fabf50035075e240aea3b98a0c7e05
6,rff,2,attempt_000,completed,Tesla T4,12871,181.6341504290001,1.294967994999979,182.92911842400008,2026-10-01T10:00:33.784556+00:00,2026-10-01T10:03:35.445331+00:00,0677b40869fabf50035075e240aea3b98a0c7e05
12,vanilla,0,attempt_000,completed,Tesla T4,12737,147.51518906900014,1.1279037389999758,148.64309280800012,2026-10-01T10:04:07.703786+00:00,2026-10-01T10:06:35.260719+00:00,0677b40869fabf50035075e240aea3b98a0c7e05
12,vanilla,1,attempt_000,completed,Tesla T4,12737,144.94364335499995,0.6904390949998742,145.63408244999982,2026-10-01T10:06:39.487921+00:00,2026-10-01T10:09:04.453491+00:00,0677b40869fabf50035075e240aea3b98a0c7e05
12,vanilla,2,attempt_000,completed,Tesla T4,12737,145.91230083999994,0.7205465629999708,146.63284740299991,2026-10-01T10:09:08.680417+00:00,2026-10-01T10:11:34.615981+00:00,0677b40869fabf50035075e240aea3b98a0c7e05
12,rff,0,attempt_000,completed,Tesla T4,12871,182.79542979999997,0.9734683419997054,183.76889814199967,2026-10-01T10:11:39.119342+00:00,2026-10-01T10:14:41.936636+00:00,0677b40869fabf50035075e240aea3b98a0c7e05
12,rff,1,attempt_000,completed,Tesla T4,12871,177.68031796299965,1.0257030190000478,178.7060209819997,2026-10-01T10:14:46.734202+00:00,2026-10-01T10:17:44.438543+00:00,0677b40869fabf50035075e240aea3b98a0c7e05
12,rff,2,attempt_000,completed,Tesla T4,12871,180.28715831599993,1.1938704630001666,181.4810287790001,2026-10-01T10:17:49.675827+00:00,2026-10-01T10:20:49.997165+00:00,0677b40869fabf50035075e240aea3b98a0c7e05
