n,seed,metric,vanilla,rff,absolute_difference_rff_minus_vanilla,percentage_improvement,status
6,0,relative_l2,1.0003486141512925,0.9541052827910232,-0.04624333136026926,4.622721589863214,computed
6,0,linf,1.0182691514492035,1.194228619337082,0.17595946788787842,-17.2802512614128,computed
6,0,normalized_residual_rms,0.4980301749391249,0.7985235689723462,0.30049339403322134,-60.336383045455264,computed
6,0,boundary_rmse,0.007632662073415475,0.0013288783462805393,-0.006303783727134936,82.58958233053424,computed
6,1,relative_l2,1.000278421954197,0.9474760646089445,-0.052802357345252404,5.2787660101769385,computed
6,1,linf,1.0107769379392266,1.3053798079490662,0.29460287000983953,-29.146180423395517,computed
6,1,normalized_residual_rms,0.497948463574358,0.791686331552136,0.29373786797777796,-58.98961227217733,computed
6,1,boundary_rmse,0.007846628278232745,0.0012085569706097165,-0.006638071307623029,84.59775424863234,computed
6,2,relative_l2,1.000394736309118,0.9480592446762142,-0.05233549163290374,5.231484106562941,computed
6,2,linf,1.0193190798163414,1.1729495823383331,0.15363050252199173,-15.071875486689851,computed
6,2,normalized_residual_rms,0.49804907693615236,0.7757055763884899,0.27765649945233756,-55.74882322047388,computed
6,2,boundary_rmse,0.0075694590969349745,0.001150722869444546,-0.006418736227490429,84.79781904217573,computed
12,0,relative_l2,1.001257881457636,1.0317527594119702,0.030494877954334143,-3.045656720318601,computed
12,0,linf,1.0541990287601948,1.9481807351112366,0.8939817063510418,-84.8019853900284,computed
12,0,normalized_residual_rms,0.49807045039582437,0.6076553853758605,0.10958493498003613,-22.001894489614322,computed
12,0,boundary_rmse,0.002467766034837322,0.0007869439968337952,-0.0016808220380035268,68.11107756065411,computed
12,1,relative_l2,1.947994523137964,1.03876064370713,-0.9092338794308341,46.67538171340325,computed
12,1,linf,4.7492223381996155,2.0562769174575806,-2.692945420742035,56.7028711012697,computed
12,1,normalized_residual_rms,0.5198440968335093,0.5930253170332995,0.07318122019979023,-14.077532215053317,computed
12,1,boundary_rmse,0.03829115817241214,0.0004365975742384619,-0.03785456059817368,98.85979532853875,computed
12,2,relative_l2,1.0021119331700281,1.062092931867175,0.0599809986971469,-5.985458980356233,computed
12,2,linf,1.0755556523799896,1.938748836517334,0.8631931841373444,-80.2555574160454,computed
12,2,normalized_residual_rms,0.4980802937717374,0.5713731069955816,0.07329281322384423,-14.715059828773954,computed
12,2,boundary_rmse,0.0035517525493912174,0.0014062424997288642,-0.002145510049662353,60.40708128808413,computed
