n,condition,method,seed,status,evaluation_status,attempt,git_sha,accelerator,parameter_count,wall_seconds_training,failure_reason,relative_l2,linf,normalized_residual_rms,boundary_rmse,evaluation_wall_seconds,evaluated_at_utc,grid_size
6,primary,vanilla,0,completed,completed,attempt_000,0677b40869fabf50035075e240aea3b98a0c7e05,Tesla T4,12737,148.04743423900004,,1.0003486141512925,1.0182691514492035,0.4980301749391249,0.007632662073415475,1.1680953469999622,2026-10-01T10:03:39.841282+00:00,257
6,primary,vanilla,1,completed,completed,attempt_000,0677b40869fabf50035075e240aea3b98a0c7e05,Tesla T4,12737,146.58490861199994,,1.000278421954197,1.0107769379392266,0.497948463574358,0.007846628278232745,0.6854694369999379,2026-10-01T10:03:40.569702+00:00,257
6,primary,vanilla,2,completed,completed,attempt_000,0677b40869fabf50035075e240aea3b98a0c7e05,Tesla T4,12737,145.95024391100003,,1.000394736309118,1.0193190798163414,0.49804907693615236,0.0075694590969349745,0.6810055419998662,2026-10-01T10:03:41.303431+00:00,257
6,primary,rff,0,completed,completed,attempt_000,0677b40869fabf50035075e240aea3b98a0c7e05,Tesla T4,12871,184.28263895099997,,0.9541052827910232,1.194228619337082,0.7985235689723462,0.0013288783462805393,1.0316523700000744,2026-10-01T10:03:42.376972+00:00,257
6,primary,rff,1,completed,completed,attempt_000,0677b40869fabf50035075e240aea3b98a0c7e05,Tesla T4,12871,184.223350364,,0.9474760646089445,1.3053798079490662,0.791686331552136,0.0012085569706097165,0.9984854639999412,2026-10-01T10:03:43.436697+00:00,257
6,primary,rff,2,completed,completed,attempt_000,0677b40869fabf50035075e240aea3b98a0c7e05,Tesla T4,12871,181.6341504290001,,0.9480592446762142,1.1729495823383331,0.7757055763884899,0.001150722869444546,1.294967994999979,2026-10-01T10:03:44.775532+00:00,257
12,preregistered_stress_failure,vanilla,0,completed,completed,attempt_000,0677b40869fabf50035075e240aea3b98a0c7e05,Tesla T4,12737,147.51518906900014,,1.001257881457636,1.0541990287601948,0.49807045039582437,0.002467766034837322,1.1279037389999758,2026-10-01T10:20:54.418201+00:00,257
12,preregistered_stress_failure,vanilla,1,completed,completed,attempt_000,0677b40869fabf50035075e240aea3b98a0c7e05,Tesla T4,12737,144.94364335499995,,1.947994523137964,4.7492223381996155,0.5198440968335093,0.03829115817241214,0.6904390949998742,2026-10-01T10:20:55.155800+00:00,257
12,preregistered_stress_failure,vanilla,2,completed,completed,attempt_000,0677b40869fabf50035075e240aea3b98a0c7e05,Tesla T4,12737,145.91230083999994,,1.0021119331700281,1.0755556523799896,0.4980802937717374,0.0035517525493912174,0.7205465629999708,2026-10-01T10:20:55.919196+00:00,257
12,preregistered_stress_failure,rff,0,completed,completed,attempt_000,0677b40869fabf50035075e240aea3b98a0c7e05,Tesla T4,12871,182.79542979999997,,1.0317527594119702,1.9481807351112366,0.6076553853758605,0.0007869439968337952,0.9734683419997054,2026-10-01T10:20:56.963287+00:00,257
12,preregistered_stress_failure,rff,1,completed,completed,attempt_000,0677b40869fabf50035075e240aea3b98a0c7e05,Tesla T4,12871,177.68031796299965,,1.03876064370713,2.0562769174575806,0.5930253170332995,0.0004365975742384619,1.0257030190000478,2026-10-01T10:20:58.034363+00:00,257
12,preregistered_stress_failure,rff,2,completed,completed,attempt_000,0677b40869fabf50035075e240aea3b98a0c7e05,Tesla T4,12871,180.28715831599993,,1.062092931867175,1.938748836517334,0.5713731069955816,0.0014062424997288642,1.1938704630001666,2026-10-01T10:20:59.274825+00:00,257
