n,method,seed,attempt,selected,status,evaluation_status,path,git_sha,config_sha256,sobol_sha256,rff_sha256,failure_reason
6,vanilla,0,attempt_000,True,completed,completed,results/raw/n06/vanilla/seed_0/attempt_000,0677b40869fabf50035075e240aea3b98a0c7e05,7f76c2c4f68231bd76b3fe07a0aeab945ab5dd57a52e9ac614c7729cbb78ed41,f5fc079758da5519dbbfc48084a7f85de8db052a05c64ef250f76bffb4665c48,,
6,vanilla,1,attempt_000,True,completed,completed,results/raw/n06/vanilla/seed_1/attempt_000,0677b40869fabf50035075e240aea3b98a0c7e05,7f76c2c4f68231bd76b3fe07a0aeab945ab5dd57a52e9ac614c7729cbb78ed41,e7332b2a7bb1da1cf6e78ab82ebae5990938322016388d8894bd7d1f2ec43c56,,
6,vanilla,2,attempt_000,True,completed,completed,results/raw/n06/vanilla/seed_2/attempt_000,0677b40869fabf50035075e240aea3b98a0c7e05,7f76c2c4f68231bd76b3fe07a0aeab945ab5dd57a52e9ac614c7729cbb78ed41,9ddf3c59bd5ae415262906a8868540782908fdc88d1b0501684bd84ff78eee7b,,
6,rff,0,attempt_000,True,completed,completed,results/raw/n06/rff/seed_0/attempt_000,0677b40869fabf50035075e240aea3b98a0c7e05,7f76c2c4f68231bd76b3fe07a0aeab945ab5dd57a52e9ac614c7729cbb78ed41,f5fc079758da5519dbbfc48084a7f85de8db052a05c64ef250f76bffb4665c48,76130b8c82524338e339d86ec525d3476ffcd3ea889ca93dc7db51c578d2ed63,
6,rff,1,attempt_000,True,completed,completed,results/raw/n06/rff/seed_1/attempt_000,0677b40869fabf50035075e240aea3b98a0c7e05,7f76c2c4f68231bd76b3fe07a0aeab945ab5dd57a52e9ac614c7729cbb78ed41,e7332b2a7bb1da1cf6e78ab82ebae5990938322016388d8894bd7d1f2ec43c56,76130b8c82524338e339d86ec525d3476ffcd3ea889ca93dc7db51c578d2ed63,
6,rff,2,attempt_000,True,completed,completed,results/raw/n06/rff/seed_2/attempt_000,0677b40869fabf50035075e240aea3b98a0c7e05,7f76c2c4f68231bd76b3fe07a0aeab945ab5dd57a52e9ac614c7729cbb78ed41,9ddf3c59bd5ae415262906a8868540782908fdc88d1b0501684bd84ff78eee7b,76130b8c82524338e339d86ec525d3476ffcd3ea889ca93dc7db51c578d2ed63,
12,vanilla,0,attempt_000,True,completed,completed,results/raw/n12/vanilla/seed_0/attempt_000,0677b40869fabf50035075e240aea3b98a0c7e05,7f76c2c4f68231bd76b3fe07a0aeab945ab5dd57a52e9ac614c7729cbb78ed41,f5fc079758da5519dbbfc48084a7f85de8db052a05c64ef250f76bffb4665c48,,
12,vanilla,1,attempt_000,True,completed,completed,results/raw/n12/vanilla/seed_1/attempt_000,0677b40869fabf50035075e240aea3b98a0c7e05,7f76c2c4f68231bd76b3fe07a0aeab945ab5dd57a52e9ac614c7729cbb78ed41,e7332b2a7bb1da1cf6e78ab82ebae5990938322016388d8894bd7d1f2ec43c56,,
12,vanilla,2,attempt_000,True,completed,completed,results/raw/n12/vanilla/seed_2/attempt_000,0677b40869fabf50035075e240aea3b98a0c7e05,7f76c2c4f68231bd76b3fe07a0aeab945ab5dd57a52e9ac614c7729cbb78ed41,9ddf3c59bd5ae415262906a8868540782908fdc88d1b0501684bd84ff78eee7b,,
12,rff,0,attempt_000,True,completed,completed,results/raw/n12/rff/seed_0/attempt_000,0677b40869fabf50035075e240aea3b98a0c7e05,7f76c2c4f68231bd76b3fe07a0aeab945ab5dd57a52e9ac614c7729cbb78ed41,f5fc079758da5519dbbfc48084a7f85de8db052a05c64ef250f76bffb4665c48,76130b8c82524338e339d86ec525d3476ffcd3ea889ca93dc7db51c578d2ed63,
12,rff,1,attempt_000,True,completed,completed,results/raw/n12/rff/seed_1/attempt_000,0677b40869fabf50035075e240aea3b98a0c7e05,7f76c2c4f68231bd76b3fe07a0aeab945ab5dd57a52e9ac614c7729cbb78ed41,e7332b2a7bb1da1cf6e78ab82ebae5990938322016388d8894bd7d1f2ec43c56,76130b8c82524338e339d86ec525d3476ffcd3ea889ca93dc7db51c578d2ed63,
12,rff,2,attempt_000,True,completed,completed,results/raw/n12/rff/seed_2/attempt_000,0677b40869fabf50035075e240aea3b98a0c7e05,7f76c2c4f68231bd76b3fe07a0aeab945ab5dd57a52e9ac614c7729cbb78ed41,9ddf3c59bd5ae415262906a8868540782908fdc88d1b0501684bd84ff78eee7b,76130b8c82524338e339d86ec525d3476ffcd3ea889ca93dc7db51c578d2ed63,
