n,condition,method,metric,n_valid,n_planned,mean,sd
6,primary,vanilla,relative_l2,3,3,1.000340590804869,5.8570793541181696e-05
6,primary,vanilla,linf,3,3,1.016121723068257,0.0046583938702797305
6,primary,vanilla,normalized_residual_rms,3,3,0.49800923848321177,5.3474419422203426e-05
6,primary,vanilla,boundary_rmse,3,3,0.007682916482861065,0.00014525776405019766
6,primary,rff,relative_l2,3,3,0.9498801973587273,0.003670631407587076
6,primary,rff,linf,3,3,1.2241860032081604,0.07111627661883585
6,primary,rff,normalized_residual_rms,3,3,0.788638492304324,0.01171034540266031
6,primary,rff,boundary_rmse,3,3,0.0012293860621116006,9.088581721732186e-05
6,primary,paired_absolute_difference,relative_l2,3,3,-0.0504603934461418,0.003659535540942248
6,primary,paired_percentage_improvement,relative_l2,3,3,5.044323902201031,0.3658828732378528
6,primary,paired_absolute_difference,linf,3,3,0.20806428013990322,0.0757716393255783
6,primary,paired_percentage_improvement,linf,3,3,-20.499435723832722,7.569271848411758
6,primary,paired_absolute_difference,normalized_residual_rms,3,3,0.29062925382111227,0.011731519509674201
6,primary,paired_percentage_improvement,normalized_residual_rms,3,3,-58.35827284603549,2.35804333933807
6,primary,paired_absolute_difference,boundary_rmse,3,3,-0.006453530420749465,0.00016983822753007116
6,primary,paired_percentage_improvement,boundary_rmse,3,3,83.99505187378077,1.2212759549541197
12,preregistered_stress_failure,vanilla,relative_l2,3,3,1.317121445921876,0.5463522783133186
12,preregistered_stress_failure,vanilla,linf,3,3,2.2929923397799334,2.127184378514395
12,preregistered_stress_failure,vanilla,normalized_residual_rms,3,3,0.5053316136670237,0.012568180057834881
12,preregistered_stress_failure,vanilla,boundary_rmse,3,3,0.014770225585546894,0.0203769344850453
12,preregistered_stress_failure,rff,relative_l2,3,3,1.0442021116620916,0.015885172214412695
12,preregistered_stress_failure,rff,linf,3,3,1.9810688296953838,0.06530262266100914
12,preregistered_stress_failure,rff,normalized_residual_rms,3,3,0.5906846031349139,0.018254044408886064
12,preregistered_stress_failure,rff,boundary_rmse,3,3,0.0008765946902670404,0.0004909997510255155
12,preregistered_stress_failure,paired_absolute_difference,relative_l2,3,3,-0.2729193342597844,0.5512617419396115
12,preregistered_stress_failure,paired_percentage_improvement,relative_l2,3,3,12.548088670909472,29.59163238380427
12,preregistered_stress_failure,paired_absolute_difference,linf,3,3,-0.3119235100845496,2.0620829245082004
12,preregistered_stress_failure,paired_percentage_improvement,linf,3,3,-36.11822390160137,80.41756188780947
12,preregistered_stress_failure,paired_absolute_difference,normalized_residual_rms,3,3,0.0853529894678902,0.02098555457281178
12,preregistered_stress_failure,paired_percentage_improvement,normalized_residual_rms,3,3,-16.931495511147197,4.4026491701241
12,preregistered_stress_failure,paired_absolute_difference,boundary_rmse,3,3,-0.013893630895279853,0.020752074544664434
12,preregistered_stress_failure,paired_percentage_improvement,boundary_rmse,3,3,75.79265139242567,20.34472257537473
