update,lr,total_loss,residual_mse,boundary_mse
1,0.001,0.40172943472862244,0.2764464020729065,0.12528303265571594
100,0.0009996598844063138,0.06092674285173416,0.058594249188899994,0.002332494594156742
200,0.0009986262872234174,0.0011397815542295575,0.0006617683102376759,0.00047801327309571207
300,0.0009969007678752037,0.00019231857731938362,2.2066022211220115e-05,0.0001702525478322059
400,0.0009944859876526346,0.0001598438830114901,7.906668543000706e-06,0.0001519372162874788
500,0.000991385670902696,0.00013781760935671628,8.779746167419944e-06,0.00012903785682283342
600,0.000987604599284287,3.954190106014721e-05,1.0017803333539632e-06,3.854012174997479e-05
700,0.0009831486043934059,0.00030258941114880145,1.962703390745446e-05,0.00028296236996538937
800,0.0009780245587690045,0.00015694180910941213,1.1728153367585037e-05,0.00014521364937536418
900,0.0009722403652933802,0.00013667890743818134,1.2393496945151128e-05,0.000124285405036062
1000,0.0009658049450034591,1.4653848666057456e-05,3.4415381833241554e-07,1.4309694961411878e-05
1100,0.0009587282233317639,0.00024251319700852036,2.5027205992955714e-05,0.00021748599829152226
1200,0.0009510211147982903,5.8628793340176344e-05,3.4092972782673314e-06,5.5219497880898416e-05
1300,0.0009426955061769002,1.8168128008255735e-05,6.924818194420368e-07,1.747564601828344e-05
1400,0.0009337642381621961,7.910622116469312e-06,1.800749060976159e-07,7.730547622486483e-06
1500,0.0009242410855651506,1.2481257726904005e-05,8.104275366349611e-07,1.1670830645016395e-05
1600,0.0009141407360680355,0.00040140474447980523,2.4795954232104123e-05,0.00037660880479961634
1700,0.0009034787675714188,2.0467148715397343e-05,1.576984004714177e-06,1.889016493805684e-05
1800,0.0008922716241681654,8.035111022763886e-06,4.5105969093128806e-07,7.584051672893111e-06
1900,0.0008805365907814985,3.935033419111278e-06,1.3105706742067014e-08,3.92192760045873e-06
2000,0.0008682917665062377,3.715093498612987e-06,1.9907934856178144e-08,3.6951855690858793e-06
2100,0.0008555560366943289,3.383817784197163e-06,1.5591947288839947e-08,3.3682258617773186e-06
2200,0.0008423490438277208,8.48385661811335e-06,7.352892339440587e-07,7.74856744101271e-06
2300,0.000828691157223508,5.8037367125507444e-05,5.461507043946767e-06,5.2575858717318624e-05
2400,0.0008146034416180692,4.209212784189731e-05,3.3367841751896776e-06,3.875534457620233e-05
2500,0.0008001076246786494,3.181111242156476e-05,2.784339585559792e-06,2.9026774427620694e-05
2600,0.0007852260634924953,3.8636244426015764e-06,1.1740815608618504e-07,3.7462164073076565e-06
2700,0.00076998171008523,0.00011456924403319135,1.2159054676885717e-05,0.00010241018753731623
2800,0.0007543980760216423,2.0702170786535135e-06,5.214816578558157e-09,2.065002263407223e-06
2900,0.0007384991961434974,2.043865151790669e-06,1.2286877293377074e-08,2.031578333117068e-06
3000,0.0007223095915002846,2.4414521249127574e-06,6.062609259060991e-08,2.380826117587276e-06
3100,0.0007058542315300852,1.8934471199827385e-06,2.2038586067196775e-08,1.87140858542989e-06
3200,0.0006891584955488819,2.3026266262604622e-06,8.480765245622024e-08,2.217818973804242e-06
3300,0.00067224813360771,1.5322157196351327e-06,2.443637736604387e-09,1.5297721347451443e-06
3400,0.0006551492267780177,1.6775591120676836e-06,2.454644310034837e-08,1.6530126458746963e-06
3500,0.0006378881469264903,6.647758709732443e-05,5.509443326445762e-06,6.096814468037337e-05
3600,0.0006204915160413763,1.4566961681339308e-06,1.2139956595547119e-08,1.4445562328546657e-06
3700,0.0006029861651730494,1.2578140058394638e-06,3.2430944596484323e-09,1.2545708614197792e-06
3800,0.0005853990930521285,3.0559578590327874e-05,2.5290560188295785e-06,2.8030521207256243e-05
3900,0.0005677574244489853,1.3067283362033777e-06,1.4756722066522343e-08,1.2919715572934365e-06
4000,0.0005500883683388567,2.905015435317182e-06,1.2587948106101976e-07,2.779135911623598e-06
4100,0.0005324191759370883,8.312515092256945e-06,5.838753054376866e-07,7.728639502602164e-06
4200,0.0005147770986692298,1.5214797031148919e-06,4.235096540128325e-08,1.4791287412663223e-06
4300,0.0004971893461408075,1.6107804867715458e-06,8.033929077555513e-08,1.530441181785136e-06
4400,0.0004796830441715938,7.253689091157867e-06,6.440977813326754e-07,6.609591309825191e-06
4500,0.0004622851929591034,1.8000566797127249e-06,1.0985256437834323e-07,1.6902041579669458e-06
4600,0.00044502262543583647,6.399031917680986e-06,3.688673189117253e-07,6.030164513504133e-06
4700,0.0004279219658844972,3.6626774999604095e-06,2.542977881603292e-07,3.4083795981132425e-06
4800,0.00041100958887501624,3.600276613724418e-06,1.857411149330801e-07,3.4145355130021926e-06
4900,0.00039431157858670806,4.544614512269618e-06,2.460696464368084e-07,4.298544808989391e-06
5000,0.0003778536885783011,8.261413313448429e-07,1.4950565230265056e-08,8.111907732200052e-07
5100,0.00036166130206788925,1.1697560466927825e-06,6.037594602048557e-08,1.1093801504102885e-06
5200,0.0003457593927840635,6.959036227272009e-07,5.426020521781538e-09,6.904775773364236e-07
5300,0.0003301724864486056,6.003838279866613e-07,1.0542069439622992e-09,5.993296099404688e-07
5400,0.0003149246229501472,6.170841970742913e-07,5.526640478592526e-09,6.115575388321304e-07
5500,0.0003000393192671376,1.1411356126700412e-06,4.537074715926792e-08,1.09576490103791e-06
5600,0.0002855395331973008,5.256965209810005e-07,4.987463775307788e-10,5.251977768239158e-07
5700,0.00027144762794952535,5.052108349445916e-07,4.780937312709455e-10,5.047327249485534e-07
5800,0.00025778533765279614,4.85743953504425e-07,4.4877268567944384e-10,4.852951747125189e-07
5900,0.0002445737338353639,4.6727521407774475e-07,4.273293940926237e-10,4.668478936764586e-07
6000,0.00023183319292585333,4.4975973878536024e-07,4.061672664867899e-10,4.4935356413589034e-07
6100,0.00021958336482643106,4.3316833853168646e-07,3.884864374636976e-10,4.3277984218548227e-07
6200,0.00020784314260650655,4.173763272774522e-07,3.701032258440762e-10,4.170062197772495e-07
6300,0.00019663063336370438,4.023976316602784e-07,3.5305497414483966e-10,4.0204457718573394e-07
6400,0.00018596313029705183,3.881858958720841e-07,3.3755659378797986e-10,3.8784833122917917e-07
6500,0.0001758570860354533,3.7465247260115575e-07,3.2259112048294014e-10,3.7432988619912066e-07
6600,0.0001663280872625862,3.617979871251009e-07,3.0877028711628896e-10,3.61489213673849e-07
6700,0.00015739083067735558,3.4956045169565186e-07,2.9545416113663237e-10,3.492650080261228e-07
6800,0.00014905910032698424,3.3788691666813975e-07,2.83212509000208e-10,3.3760369433366577e-07
6900,0.00014134574634769694,3.267170995968627e-07,2.7101931809880853e-10,3.2644607017573435e-07
7000,0.00013426266514578823,3.1604446348865167e-07,2.6011331977215946e-10,3.157843480039446e-07
7100,0.00012782078104963995,3.0579892040805134e-07,2.503185714264333e-10,3.055486104130978e-07
7200,0.00012203002946098729,2.959330629437318e-07,2.40301140097543e-10,2.956927573904977e-07
7300,0.00011689934153141935,2.8642841698456323e-07,2.3039518903811285e-10,2.8619803060792037e-07
7400,0.00011243663038774769,2.771984384253301e-07,2.209328830993229e-10,2.7697751647792757e-07
7500,0.00010864877892748772,2.6821953724720515e-07,2.130146059542426e-10,2.680065165350243e-07
7600,0.00010554162920327642,2.610816238757252e-07,3.6611291776011967e-10,2.6071552383655217e-07
7700,0.00010311997341259838,2.992235863530368e-07,4.600796188469758e-09,2.9462279371728073e-07
7800,0.00010138754650671722,6.807949830545112e-07,3.251306424090217e-08,6.482819117081817e-07
7900,0.0001003470204302115,3.5632345429803536e-07,1.0892333257572773e-08,3.454311183759273e-07
8000,0.0001,1.1417773748689797e-06,8.510649252002622e-08,1.0566708397163893e-06
