n,method,seed,archived_relative_l2,archived_linf,archived_normalized_residual_rms,archived_boundary_rmse,cpu_relative_l2,cpu_linf,cpu_normalized_residual_rms,cpu_boundary_rmse,max_cpu_prediction_difference,final_collocation_residual_rms_cpu,heldout_interior_residual_rms_cpu,heldout_to_collocation_residual_ratio,first_logged_loss,last_logged_loss,last_logged_residual_mse,last_logged_boundary_mse,prediction_rms,exact_rms,prediction_exact_cosine,exact_mode_projection_coefficient
6,vanilla,0,1.0003486141512925,1.0182691514492035,0.4980301749391249,0.007632662073415475,1.0003485746286733,1.0182691551744938,0.49803016371914444,0.007632664933213085,5.066394805908203e-07,0.4999340654649349,0.5019347309367681,0.996191694310689,0.5750411748886108,0.24999235570430756,0.24993404746055603,5.830619193147868e-05,0.008483660427624485,0.498054485520853,-0.011950662818020541,-0.000203562797596299
6,vanilla,1,1.000278421954197,1.0107769379392266,0.497948463574358,0.007846628278232745,1.0002783825768387,1.0107768634334207,0.4979484519610855,0.007846636623675065,3.725290298461914e-07,0.49974581471212987,0.5018522868497187,0.9964034461157425,0.2661566734313965,0.24980707466602325,0.24974633753299713,6.0732607380487025e-05,0.005033469236592003,0.498054485520853,-0.022496159918514544,-0.00022735207713634663
6,vanilla,2,1.000394736309118,1.0193190798163414,0.49804907693615236,0.0075694590969349745,1.0003946974259765,1.0193191841244698,0.4980490649448087,0.00756945789540292,4.172325134277344e-07,0.49966506617788964,0.5019538545320095,0.9967658310687152,0.29115915298461914,0.24972248077392578,0.24966517090797424,5.730698103434406e-05,0.009520777294887447,0.498054485520853,-0.011093591110443913,-0.00021206435253298084
6,rff,0,0.9541052827910232,1.194228619337082,0.7985235689723462,0.0013288783462805393,0.9541052439131962,1.1942286938428879,0.7985235499510869,0.0013288774479950018,5.923211574554443e-07,0.00012124859319343676,0.8033463910443778,6585.83764907807,2.16682767868042,1.7796547808757168e-06,1.3607783344582458e-08,1.766047034834628e-06,0.0866608406503572,0.498054485520853,0.344711628763084,0.05997936835562349
6,rff,1,0.9474760646089445,1.3053798079490662,0.791686331552136,0.0012085569706097165,0.9474760253545287,1.3053799271583557,0.7916863184233778,0.0012085590401094168,5.979090929031372e-07,9.444310235994364e-05,0.7966002477109257,8382.680139054362,2.630925416946411,1.4739038078914746e-06,1.2641269364621621e-08,1.4612625136578572e-06,0.09908585516389233,0.498054485520853,0.35655086849545653,0.07093430879581325
6,rff,2,0.9480592446762142,1.1729495823383331,0.7757055763884899,0.001150722869444546,0.9480592054119565,1.1729495227336884,0.7757055548325977,0.0011507170404647,5.103647708892822e-07,0.0002370004761916156,0.7803723184746023,3273.012642411053,1.8918583393096924,1.4015620308782673e-06,7.560258552530286e-08,1.3259594879855285e-06,0.08643661680895633,0.498054485520853,0.3782885413736728,0.06565141491605958
12,vanilla,0,1.001257881457636,1.0541990287601948,0.49807045039582437,0.002467766034837322,1.0012575539189608,1.0541990101337433,0.49807045328754257,0.002467766679799404,4.1350722312927246e-07,0.4999748164033689,0.5019768857973881,0.9961910819238345,0.42371752858161926,0.24998091161251068,0.24997486174106598,6.050167030480225e-06,0.02495987634748056,0.49805453796186316,-5.189016170707358e-05,-2.600462002576566e-06
12,vanilla,1,1.947994523137964,4.7492223381996155,0.5198440968335093,0.03829115817241214,1.9479939225114395,4.749222576618195,0.5198441043611649,0.03829114601134458,2.6226043701171875e-06,0.4087918612716523,0.5237418502001034,1.2716596234182747,0.2588055431842804,0.16859734058380127,0.16713109612464905,0.001466237474232912,0.872284414984553,0.49805453796186316,0.07784226298486326,0.13633163174884855
12,vanilla,2,1.0021119331700281,1.0755556523799896,0.4980802937717374,0.0035517525493912174,1.002111604225754,1.075555682182312,0.49808029690980554,0.003551767273344034,4.172325134277344e-07,0.4999314611368034,0.5019868020456936,0.99629716396966,0.2723139524459839,0.2499413937330246,0.24993109703063965,1.0293846571585163e-05,0.03236516192479262,0.49805453796186316,-3.736986713361492e-05,-2.4284122775427837e-06
12,rff,0,1.0317527594119702,1.9481807351112366,0.6076553853758605,0.0007869439968337952,1.0317524303530992,1.9481810927391052,0.6076553891779745,0.0007869382542799336,3.078952431678772e-06,0.00029069887989303483,0.611331828453857,2090.3258705419385,0.46687185764312744,5.437328240986972e-07,6.08463679441229e-08,4.828864348382922e-07,0.4011387722464756,0.49805453796186316,0.36265592068108055,0.2920871751221794
12,rff,1,1.03876064370713,2.0562769174575806,0.5930253170332995,0.0004365975742384619,1.0387603182891065,2.0562766790390015,0.5930253186401209,0.00043660183814872404,2.8908252716064453e-06,5.790119184418532e-05,0.5964989932845465,10242.022655353596,0.5436100959777832,1.847549100375545e-07,2.3623021316865334e-09,1.8239261123653705e-07,0.42102579427247155,0.49805453796186316,0.3759300864315219,0.3177889952742278
12,rff,2,1.062092931867175,1.938748836517334,0.5713731069955816,0.0014062424997288642,1.0620925964628134,1.9387484788894653,0.5713731148301313,0.0014062607704456293,1.8477439880371094e-06,0.0004061339604409506,0.5748902057147675,1406.8587473201603,0.40172943472862244,1.1417773748689797e-06,8.510649252002622e-08,1.0566708397163893e-06,0.4508505460135031,0.49805453796186316,0.38188838584090434,0.34569422477536815
